d19385,::1,GET,http://localhost/sharajman-drupal/web/,1773117210,d19385,200,request
ffeb5c,::1,GET,http://localhost/sharajman-drupal/web/,1773117211,d19385,200,request
48b9c0,::1,GET,http://localhost/sharajman-drupal/web/,1773117211,d19385,200,request
e7ae8c,::1,GET,http://localhost/sharajman-drupal/web/,1773117212,d19385,200,request
ad1365,::1,GET,http://localhost/sharajman-drupal/web/,1773117213,d19385,200,request
3caebb,::1,GET,http://localhost/sharajman-drupal/web/,1773117213,d19385,200,request
73e663,::1,GET,http://localhost/sharajman-drupal/web/,1773117213,d19385,200,request
b90e24,::1,GET,http://localhost/sharajman-drupal/web/,1773117214,d19385,200,request
377be4,::1,GET,http://localhost/sharajman-drupal/web/,1773117214,d19385,200,request
537f3f,::1,GET,http://localhost/sharajman-drupal/web/,1773117215,d19385,200,request
c9db0e,::1,GET,http://localhost/sharajman-drupal/web/,1773117215,d19385,200,request
563e3b,::1,GET,http://localhost/sharajman-drupal/web/,1773117216,d19385,200,request
23b310,::1,GET,http://localhost/sharajman-drupal/web/,1773117216,d19385,200,request
f216fe,::1,GET,http://localhost/sharajman-drupal/web/,1773117993,f216fe,200,request
a9cd39,::1,GET,http://localhost/sharajman-drupal/web/,1773117993,f216fe,200,request
